source,densty
Leaflitter,0.554786934
Leaflitter,0.650578421
Leaflitter,0.039317168
Leaflitter,0.53537613
Leaflitter,0.435081982
Leaflitter,0.904056941
Leaflitter,0.556284164
Leaflitter,0.855319434
Leaflitter,0.399169622
Leaflitter,0.570246304
Leaflitter,0.219834529
Leaflitter,0.04329058
Leaflitter,0.518220931
Leaflitter,0.320252186
Leaflitter,0.075613711
Leaflitter,0.91788733
Leaflitter,0.012757423
Leaflitter,0.488056051
Leaflitter,0.901024084
Leaflitter,0.093110656
Leaflitter,0.911562076
Leaflitter,0.886583568
Leaflitter,0.595809061
Leaflitter,0.472692787
Leaflitter,0.222201855
Leaflitter,0.796510755
Leaflitter,0.494881194
Leaflitter,0.795430437
Leaflitter,0.881775218
Leaflitter,0.454294005
Leaflitter,0.706289299
Leaflitter,0.900360146
Leaflitter,0.58813706
Leaflitter,0.803955549
Leaflitter,0.517909317
Leaflitter,0.541653313
Leaflitter,0.751211352
Leaflitter,0.619483849
Leaflitter,0.279426159
Leaflitter,0.802432443
Leaflitter,0.792639647
Leaflitter,0.828674407
Leaflitter,0.869550748
Leaflitter,0.787805605
Leaflitter,0.322222336
Leaflitter,0.832906557
Leaflitter,0.742458878
Leaflitter,0.339566196
Leaflitter,0.661800786
Leaflitter,0.30522291
Leaflitter,0.762009659
Leaflitter,0.530341335
Leaflitter,0.652082115
Leaflitter,0.664044948
Leaflitter,0.731971873
Leaflitter,0.657629514
Leaflitter,0.932872499
Leaflitter,0.162333536
Leaflitter,0.024317903
Leaflitter,0.580156074
Leaflitter,0.73251215
Leaflitter,0.710139338
Leaflitter,0.785490915
Leaflitter,0.023052609
Leaflitter,0.094482339
Leaflitter,0.607704432
Leaflitter,0.690188725
Leaflitter,0.708959759
Leaflitter,0.826067673
Leaflitter,0.402995001
Leaflitter,0.560775227
Leaflitter,0.72565766
Leaflitter,0.489241567
Leaflitter,0.234467789
Leaflitter,0.477689146
Leaflitter,0.698846647
Leaflitter,0.245706367
Leaflitter,0.450019738
Leaflitter,0.625759651
Leaflitter,0.837941917
Leaflitter,0.657374674
Leaflitter,0.659800144
Leaflitter,0.500014812
Leaflitter,0.607180031
Leaflitter,0.809284838
Leaflitter,0.932093693
Leaflitter,0.316474076
Leaflitter,0.923723363
Leaflitter,0.800745439
Leaflitter,0.263921698
Leaflitter,0.262077611
Leaflitter,0.464093176
Leaflitter,0.38037636
Leaflitter,0.325939307
Leaflitter,0.493744057
Leaflitter,0.514300931
Leaflitter,0.726332563
Leaflitter,0.93394251
Leaflitter,0.874252911
Leaflitter,0.819987074
Leaflitter,0.783863938
Leaflitter,0.380534235
Leaflitter,0.487403563
Leaflitter,0.05373604
Leaflitter,0.462414413
Leaflitter,0.97110952
Leaflitter,0.288425954
Leaflitter,0.814312608
Leaflitter,0.316312637
Leaflitter,0.720255264
Leaflitter,0.594593249
Leaflitter,0.58903463
Leaflitter,0.557130099
Leaflitter,0.346973972
Leaflitter,0.674123527
Leaflitter,0.657888541
Leaflitter,0.697785631
Leaflitter,0.387944929
Leaflitter,0.773610045
Leaflitter,0.188187249
Leaflitter,0.406762256
Leaflitter,0.18459408
Leaflitter,0.756500082
Leaflitter,0.693796827
Leaflitter,0.922865081
Leaflitter,0.864073147
Leaflitter,0.436680168
Leaflitter,0.488764438
Leaflitter,0.248541541
Leaflitter,0.478350187
Leaflitter,0.086981183
Leaflitter,0.388358707
Leaflitter,0.341622647
Leaflitter,0.601599615
Leaflitter,0.366798913
Leaflitter,0.309836055
Leaflitter,0.479228496
Leaflitter,0.772959905
Leaflitter,0.260802533
Leaflitter,0.273948976
Leaflitter,0.496869016
Leaflitter,0.67470702
Leaflitter,0.950437603
Leaflitter,0.922168735
Leaflitter,0.445777643
Leaflitter,0.454169153
Leaflitter,0.282063826
Leaflitter,0.96268786
Leaflitter,0.31710039
Leaflitter,0.651864767
Leaflitter,0.43042247
Leaflitter,0.518948586
Leaflitter,0.499443604
Leaflitter,0.21473112
Leaflitter,0.634328063
Leaflitter,0.760631031
Leaflitter,0.760230473
Leaflitter,0.955086191
Leaflitter,0.027748747
Leaflitter,0.538074601
Leaflitter,0.50822608
Leaflitter,0.281476567
Leaflitter,0.016094604
Leaflitter,0.802180406
Leaflitter,0.819644099
Leaflitter,0.789347111
Leaflitter,0.499487547
Leaflitter,0.119141518
Leaflitter,0.790451784
Leaflitter,0.568490019
Leaflitter,0.839122741
Leaflitter,0.923653997
Leaflitter,0.914959705
Leaflitter,0.782393901
Leaflitter,0.093292845
Leaflitter,0.634979642
Leaflitter,0.218846876
Leaflitter,0.809598673
Leaflitter,0.727840523
Leaflitter,0.137287593
Leaflitter,0.159958407
Leaflitter,0.667701113
Leaflitter,0.622169521
Leaflitter,0.368412279
Leaflitter,0.692938044
Leaflitter,0.721353207
Leaflitter,0.685064887
Leaflitter,0.497861476
Leaflitter,0.231541343
Leaflitter,0.39022805
Leaflitter,0.394531724
Leaflitter,0.616983073
Leaflitter,0.745529987
Leaflitter,0.053300865
Leaflitter,0.669000542
Leaflitter,0.069438401
Leaflitter,0.463997066
Leaflitter,0.538039303
Leaflitter,0.063059385
Leaflitter,0.152922428
Leaflitter,0.286464125
Leaflitter,0.771919945
Leaflitter,0.311506952
Leaflitter,0.891478289
Leaflitter,0.896411294
Leaflitter,0.273308174
Leaflitter,0.544715013
Leaflitter,0.174151327
Leaflitter,0.404095182
Leaflitter,0.470020061
Leaflitter,0.537609925
Leaflitter,0.440130708
Leaflitter,0.794318203
Leaflitter,0.720017852
Leaflitter,0.659151542
Leaflitter,0.630746593
Leaflitter,0.371956511
Leaflitter,0.621344429
Leaflitter,0.757577351
Leaflitter,0.623174316
Leaflitter,0.072601709
Leaflitter,0.695475817
Leaflitter,0.452180159
Leaflitter,0.020709856
Leaflitter,0.721237846
Leaflitter,0.486588391
Leaflitter,0.721567162
Leaflitter,0.682640346
Leaflitter,0.323763794
Leaflitter,0.63196025
Leaflitter,0.676393532
Leaflitter,0.614341688
Leaflitter,0.655150689
Leaflitter,0.381713845
Leaflitter,0.703379057
Leaflitter,0.063639874
Leaflitter,0.798138021
Leaflitter,0.658017788
Leaflitter,0.852259364
Leaflitter,0.417929192
Leaflitter,0.183682482
Leaflitter,0.767017343
Leaflitter,0.507425931
Leaflitter,0.597308139
Leaflitter,0.584511747
Leaflitter,0.46883782
Leaflitter,0.554097125
Leaflitter,0.885416189
Leaflitter,0.37298289
Leaflitter,0.498419224
Leaflitter,0.357284048
Leaflitter,0.208074713
Leaflitter,0.794553627
Leaflitter,0.773838931
Leaflitter,0.732129671
Leaflitter,0.513113245
Leaflitter,0.475205902
Leaflitter,0.61215569
Leaflitter,0.412839947
Leaflitter,0.417472461
Leaflitter,0.761922127
Leaflitter,0.297364957
Leaflitter,0.26451845
Leaflitter,0.024671046
Leaflitter,0.582685844
Leaflitter,0.708088064
Leaflitter,0.087566103
Leaflitter,0.634077052
Leaflitter,0.834476171
Leaflitter,0.400996801
Leaflitter,0.470428744
Leaflitter,0.760125158
Leaflitter,0.507253643
Leaflitter,0.239748933
Leaflitter,0.030075438
Leaflitter,0.494624618
Leaflitter,0.784904818
Leaflitter,0.697046434
Leaflitter,0.970422144
Leaflitter,0.841477743
Leaflitter,0.021490656
Leaflitter,0.976418403
Leaflitter,0.189988114
Leaflitter,0.299642172
Leaflitter,0.64453441
Leaflitter,0.169695294
Leaflitter,0.122121257
Leaflitter,0.034212807
Leaflitter,0.944294766
Leaflitter,0.366552354
Leaflitter,0.928156932
Leaflitter,0.141857944
Leaflitter,0.535571931
Leaflitter,0.398685178
Leaflitter,0.180567845
Leaflitter,0.311302799
Leaflitter,0.755237663
Leaflitter,0.447696864
Leaflitter,0.678989693
Leaflitter,0.327111241
Leaflitter,0.688570898
Leaflitter,0.468371305
Leaflitter,0.550517407
Leaflitter,0.795588144
Leaflitter,0.63219317
Leaflitter,0.178782157
Leaflitter,0.781683442
Leaflitter,0.748456046
Leaflitter,0.122704678
Leaflitter,0.218111397
Leaflitter,0.509459132
Leaflitter,0.747592886
Leaflitter,0.712917926
Leaflitter,0.927196359
Leaflitter,0.40479326
Leaflitter,0.373605642
Leaflitter,0.208173373
Leaflitter,0.551133947
Leaflitter,0.511598431
Leaflitter,0.62579582
Leaflitter,0.254412329
Leaflitter,0.763064671
Leaflitter,0.452340023
Leaflitter,0.605976646
Leaflitter,0.557618682
Leaflitter,0.713750482
Leaflitter,0.678282402
Leaflitter,0.830549846
Leaflitter,0.789352204
Leaflitter,0.529470223
Leaflitter,0.723637628
Leaflitter,0.310391592
Leaflitter,0.805332133
Leaflitter,0.087113843
Leaflitter,0.165550225
Leaflitter,0.740978002
Leaflitter,0.488592334
Leaflitter,0.297714701
Leaflitter,0.250182663
Leaflitter,0.514260734
Leaflitter,0.523695867
Leaflitter,0.267087826
Leaflitter,0.148606102
Leaflitter,0.488776953
Leaflitter,0.646344372
Leaflitter,0.296704276
Leaflitter,0.526812982
Leaflitter,0.800840166
Leaflitter,0.557309966
Leaflitter,0.798141583
Leaflitter,0.286368524
Leaflitter,0.119187795
Leaflitter,0.503781391
Leaflitter,0.548624391
Leaflitter,0.176122012
Leaflitter,0.642271892
Leaflitter,0.576057549
Leaflitter,0.341408407
Leaflitter,0.724086744
Leaflitter,0.879812322
Leaflitter,0.344945431
Leaflitter,0.014185537
Leaflitter,0.934013258
Leaflitter,0.037267282
Leaflitter,0.445338219
Leaflitter,0.967708586
Leaflitter,0.676405177
Leaflitter,0.498023232
Leaflitter,0.048324401
Leaflitter,0.324488072
Leaflitter,0.790915775
Leaflitter,0.291126268
Leaflitter,0.83204373
Leaflitter,0.691560385
Leaflitter,0.11052233
Leaflitter,0.516664115
Leaflitter,0.645259997
Leaflitter,0.604968923
Leaflitter,0.409644852
Leaflitter,0.600503113
Leaflitter,0.632171344
Leaflitter,0.626171094
Leaflitter,0.761148089
Leaflitter,0.821111773
Leaflitter,0.276732033
Leaflitter,0.14719793
Leaflitter,0.705178131
Leaflitter,0.575642976
Leaflitter,0.262914879
Leaflitter,0.185643674
Leaflitter,0.707167352
Leaflitter,0.692208323
Leaflitter,0.610815194
Leaflitter,0.480824864
Leaflitter,0.508007214
Leaflitter,0.418088829
Leaflitter,0.262651809
Leaflitter,0.064166258
Leaflitter,0.223344725
Leaflitter,0.73416599
Biofilm,0.076722032
Biofilm,0.257427999
Biofilm,0.172736928
Biofilm,0.447424473
Biofilm,0.520976948
Biofilm,0.011720494
Biofilm,0.311348655
Biofilm,0.120698996
Biofilm,0.016336661
Biofilm,0.331741377
Biofilm,0.710093694
Biofilm,0.650228348
Biofilm,0.351178128
Biofilm,0.328516612
Biofilm,0.877686928
Biofilm,0.023495847
Biofilm,0.693129778
Biofilm,0.179862895
Biofilm,0.068371321
Biofilm,0.592322477
Biofilm,0.008220056
Biofilm,0.008500541
Biofilm,0.201337043
Biofilm,0.485784623
Biofilm,0.616279576
Biofilm,0.000141188
Biofilm,0.096519166
Biofilm,0.05668509
Biofilm,0.060738876
Biofilm,0.358080776
Biofilm,0.102157805
Biofilm,0.042243636
Biofilm,0.177855317
Biofilm,0.076977721
Biofilm,0.230692021
Biofilm,0.198991485
Biofilm,0.039201698
Biofilm,0.107527565
Biofilm,0.494403983
Biofilm,0.053831205
Biofilm,0.144911273
Biofilm,0.068507517
Biofilm,0.021659258
Biofilm,0.158102926
Biofilm,0.204114801
Biofilm,0.155140299
Biofilm,0.045523278
Biofilm,0.574778452
Biofilm,0.198302656
Biofilm,0.418581443
Biofilm,0.216439651
Biofilm,0.056869538
Biofilm,0.308678475
Biofilm,0.235300277
Biofilm,0.068295244
Biofilm,0.221842742
Biofilm,0.040479928
Biofilm,0.257521944
Biofilm,0.23657195
Biofilm,0.210847159
Biofilm,0.200356738
Biofilm,0.075134183
Biofilm,0.031532531
Biofilm,0.881268379
Biofilm,0.238096401
Biofilm,0.385402588
Biofilm,0.208577614
Biofilm,0.002563567
Biofilm,0.095184124
Biofilm,0.345512238
Biofilm,0.044964323
Biofilm,0.051237495
Biofilm,0.258289589
Biofilm,0.387460424
Biofilm,0.063982564
Biofilm,0.080243334
Biofilm,0.062660104
Biofilm,0.273495629
Biofilm,0.125082758
Biofilm,0.004012163
Biofilm,0.301608379
Biofilm,0.113410753
Biofilm,0.303089168
Biofilm,0.372197858
Biofilm,0.151175194
Biofilm,0.015510803
Biofilm,0.536830444
Biofilm,0.06013061
Biofilm,0.110997953
Biofilm,0.390350745
Biofilm,0.511702059
Biofilm,0.069174509
Biofilm,0.502508041
Biofilm,0.501658874
Biofilm,0.409570841
Biofilm,0.13847235
Biofilm,0.076681456
Biofilm,0.06278502
Biofilm,0.031297715
Biofilm,0.072670214
Biofilm,0.134947384
Biofilm,0.576972119
Biofilm,0.327483224
Biofilm,0.57671471
Biofilm,0.032417243
Biofilm,0.017401847
Biofilm,0.616380151
Biofilm,0.125808295
Biofilm,0.394903589
Biofilm,0.194291578
Biofilm,0.240572145
Biofilm,0.400408653
Biofilm,0.306435317
Biofilm,0.10229065
Biofilm,0.170494057
Biofilm,0.135009766
Biofilm,0.187062455
Biofilm,0.453456347
Biofilm,0.027565167
Biofilm,0.16114212
Biofilm,0.420556466
Biofilm,0.270005709
Biofilm,0.183764498
Biofilm,0.152367207
Biofilm,0.020832615
Biofilm,0.073236401
Biofilm,0.45713461
Biofilm,0.245917389
Biofilm,0.194870677
Biofilm,0.482363941
Biofilm,0.504041365
Biofilm,0.468095068
Biofilm,0.465625776
Biofilm,0.333639082
Biofilm,0.211250324
Biofilm,0.530852572
Biofilm,0.321599541
Biofilm,0.032759348
Biofilm,0.242789176
Biofilm,0.03704912
Biofilm,0.453390807
Biofilm,0.316274274
Biofilm,0.011780395
Biofilm,0.047199015
Biofilm,0.21408115
Biofilm,0.503886288
Biofilm,0.460194537
Biofilm,0.005739337
Biofilm,0.325068355
Biofilm,0.094681975
Biofilm,0.47990146
Biofilm,0.205528617
Biofilm,0.385637389
Biofilm,0.542384069
Biofilm,0.155727851
Biofilm,0.202316307
Biofilm,0.101247148
Biofilm,0.007789046
Biofilm,0.489278375
Biofilm,0.055442472
Biofilm,0.407631753
Biofilm,0.678823034
Biofilm,0.679515667
Biofilm,0.137549722
Biofilm,0.135015705
Biofilm,0.116935835
Biofilm,0.136130435
Biofilm,0.184255927
Biofilm,0.059616637
Biofilm,0.029086472
Biofilm,0.078508662
Biofilm,0.039151123
Biofilm,0.068111
Biofilm,0.018660747
Biofilm,0.4962793
Biofilm,0.108215118
Biofilm,0.002007071
Biofilm,0.166865671
Biofilm,0.091948967
Biofilm,0.070625103
Biofilm,0.181102354
Biofilm,0.139140962
Biofilm,0.238375974
Biofilm,0.115730321
Biofilm,0.075311774
Biofilm,0.172960924
Biofilm,0.118302323
Biofilm,0.41104183
Biofilm,0.39106904
Biofilm,0.009171068
Biofilm,0.550746477
Biofilm,0.006496826
Biofilm,0.241940722
Biofilm,0.08687907
Biofilm,0.270273274
Biofilm,0.82998539
Biofilm,0.27112141
Biofilm,0.266922517
Biofilm,0.897799401
Biofilm,0.614498942
Biofilm,0.443718468
Biofilm,0.122067766
Biofilm,0.664762707
Biofilm,0.017633704
Biofilm,0.081864069
Biofilm,0.10647231
Biofilm,0.288650401
Biofilm,0.507990331
Biofilm,0.17192028
Biofilm,0.027489014
Biofilm,0.285054714
Biofilm,0.042408816
Biofilm,0.0884641
Biofilm,0.244815209
Biofilm,0.335613877
Biofilm,0.075121192
Biofilm,0.278542234
Biofilm,0.353425734
Biofilm,0.001133071
Biofilm,0.343892426
Biofilm,0.798808454
Biofilm,0.054999159
Biofilm,0.324964053
Biofilm,0.917998113
Biofilm,0.016596851
Biofilm,0.45500212
Biofilm,0.10461231
Biofilm,0.030805223
Biofilm,0.478350424
Biofilm,0.255226752
Biofilm,0.028269252
Biofilm,0.088042123
Biofilm,0.159419287
Biofilm,0.531123503
Biofilm,0.153376056
Biofilm,0.72974262
Biofilm,0.100041694
Biofilm,0.121719034
Biofilm,0.140978735
Biofilm,0.390603183
Biofilm,0.329830469
Biofilm,0.174784507
Biofilm,0.279052717
Biofilm,0.364382205
Biofilm,0.40485334
Biofilm,0.482828475
Biofilm,0.142301488
Biofilm,0.105756401
Biofilm,0.12519589
Biofilm,0.15938283
Biofilm,0.505705524
Biofilm,0.473785591
Biofilm,0.098122336
Biofilm,0.092290666
Biofilm,0.002328316
Biofilm,0.096036187
Biofilm,0.318488505
Biofilm,0.219631003
Biofilm,0.512216987
Biofilm,0.178383284
Biofilm,0.233114742
Biofilm,0.397073576
Biofilm,0.044385087
Biofilm,0.149183089
Biofilm,0.311237835
Biofilm,0.009455263
Biofilm,0.273760176
Biofilm,0.298373584
Biofilm,0.109107276
Biofilm,0.495480794
Biofilm,0.152993613
Biofilm,0.032489317
Biofilm,0.393555231
Biofilm,0.019697144
Biofilm,0.660882311
Biofilm,0.205445032
Biofilm,0.073197362
Biofilm,0.197185402
Biofilm,0.017193341
Biofilm,0.128882949
Biofilm,0.090908112
Biofilm,0.0206705
Biofilm,0.102527383
Biofilm,0.394638258
Biofilm,0.152188363
Biofilm,0.811747431
Biofilm,0.394556418
Biofilm,0.411131304
Biofilm,0.033807398
Biofilm,0.09790503
Biofilm,0.035264478
Biofilm,0.404753897
Biofilm,0.377534554
Biofilm,0.05880312
Biofilm,0.598564655
Biofilm,0.322853615
Biofilm,0.138643892
Biofilm,0.058714007
Biofilm,0.282288416
Biofilm,0.664155317
Biofilm,0.161972574
Biofilm,0.396507947
Biofilm,0.365256008
Biofilm,0.10202061
Biofilm,0.327859105
Biofilm,0.376880021
Biofilm,0.130444184
Biofilm,0.211733862
Biofilm,0.760569834
Biofilm,0.044105206
Biofilm,0.454162529
Biofilm,0.22371556
Biofilm,0.041485453
Biofilm,0.053028377
Biofilm,0.361840425
Biofilm,0.112859505
Biofilm,0.652638953
Biofilm,0.110459962
Biofilm,0.433084376
Biofilm,0.239385504
Biofilm,0.658497752
Biofilm,0.215048124
Biofilm,0.141688693
Biofilm,0.261780839
Biofilm,0.347350181
Biofilm,0.27692237
Biofilm,0.022807561
Biofilm,0.084896138
Biofilm,0.107706716
Biofilm,0.312694552
Biofilm,0.092654878
Biofilm,0.108832348
Biofilm,0.075691677
Biofilm,0.81194114
Biofilm,0.821626885
Biofilm,0.218473482
Biofilm,0.171211827
Biofilm,0.446742633
Biofilm,0.641253343
Biofilm,0.273529675
Biofilm,0.08133476
Biofilm,0.111468785
Biofilm,0.51591059
Biofilm,0.199957672
Biofilm,0.305306662
Biofilm,0.371414772
Biofilm,0.435854693
Biofilm,0.101027611
Biofilm,0.265965649
Biofilm,0.154634804
Biofilm,0.052315098
Biofilm,0.170410417
Biofilm,0.375736555
Biofilm,0.26684876
Biofilm,0.232515852
Biofilm,0.074302753
Biofilm,0.087835223
Biofilm,0.502558487
Biofilm,0.045076828
Biofilm,0.07664983
Biofilm,0.324820144
Biofilm,0.557479367
Biofilm,0.045547671
Biofilm,0.527110832
Biofilm,0.066763792
Biofilm,0.029945564
Biofilm,0.005708614
Biofilm,0.145892449
Biofilm,0.774059466
Biofilm,0.638554039
Biofilm,0.179090774
Biofilm,0.363242493
Biofilm,0.157599033
Biofilm,0.059267312
Biofilm,0.361472745
Biofilm,0.361125663
Biofilm,0.082344858
Biofilm,0.069824107
Biofilm,0.159737214
Biofilm,0.125732111
Biofilm,0.320469931
Biofilm,0.32753758
Biofilm,0.070388838
Biofilm,0.049639451
Biofilm,0.596803328
Biofilm,0.819197197
Biofilm,0.086340128
Biofilm,0.057617122
Biofilm,0.69240842
Biofilm,0.394354426
Biofilm,0.134543365
Biofilm,0.278645672
Biofilm,0.222755596
Biofilm,0.387364983
Biofilm,0.041480993
Biofilm,0.011943217
Biofilm,0.162252746
Biofilm,0.012704398
Biofilm,0.244818378
Biofilm,0.15191094
Algae,0.368491034
Algae,0.09199358
Algae,0.787945904
Algae,0.017199397
Algae,0.04394107
Algae,0.084222564
Algae,0.132367181
Algae,0.023981569
Algae,0.584493716
Algae,0.098012319
Algae,0.070071777
Algae,0.306481072
Algae,0.130600941
Algae,0.351231202
Algae,0.046699361
Algae,0.058616823
Algae,0.294112799
Algae,0.332081054
Algae,0.030604595
Algae,0.314566867
Algae,0.080217869
Algae,0.104915891
Algae,0.202853896
Algae,0.04152259
Algae,0.161518569
Algae,0.203348057
Algae,0.408599639
Algae,0.147884473
Algae,0.057485906
Algae,0.187625219
Algae,0.191552896
Algae,0.057396218
Algae,0.234007623
Algae,0.11906673
Algae,0.251398662
Algae,0.259355202
Algae,0.20958695
Algae,0.272988586
Algae,0.226169858
Algae,0.143736352
Algae,0.06244908
Algae,0.102818076
Algae,0.108789994
Algae,0.054091469
Algae,0.473662863
Algae,0.011953145
Algae,0.212017843
Algae,0.085655352
Algae,0.139896558
Algae,0.276195647
Algae,0.02155069
Algae,0.412789127
Algae,0.03923941
Algae,0.100654775
Algae,0.199732883
Algae,0.120527744
Algae,0.026647573
Algae,0.58014452
Algae,0.739110148
Algae,0.208996768
Algae,0.067131112
Algae,0.214726479
Algae,0.182976554
Algae,0.095679012
Algae,0.667421259
Algae,0.00689298
Algae,0.101233661
Algae,0.288476674
Algae,0.078748204
Algae,0.251492761
Algae,0.394260451
Algae,0.223104845
Algae,0.252468844
Algae,0.378071787
Algae,0.45832829
Algae,0.220910018
Algae,0.691633529
Algae,0.276484633
Algae,0.249157591
Algae,0.15804592
Algae,0.041016947
Algae,0.226789103
Algae,0.19689602
Algae,0.02062211
Algae,0.039539969
Algae,0.052395504
Algae,0.14669548
Algae,0.016146027
Algae,0.088256609
Algae,0.345727556
Algae,0.226220329
Algae,0.466732314
Algae,0.117115599
Algae,0.172401819
Algae,0.096685102
Algae,0.34722672
Algae,0.196985981
Algae,0.003272469
Algae,0.094449373
Algae,0.107342712
Algae,0.081188678
Algae,0.042493646
Algae,0.185113213
Algae,0.36954925
Algae,0.505168344
Algae,0.011488633
Algae,0.095193895
Algae,0.059879097
Algae,0.288783773
Algae,0.085453158
Algae,0.164834605
Algae,0.010556716
Algae,0.136434585
Algae,0.550735378
Algae,0.155382415
Algae,0.207101693
Algae,0.115151914
Algae,0.158598724
Algae,0.198824788
Algae,0.650670631
Algae,0.172681278
Algae,0.545400211
Algae,0.05973542
Algae,0.153835966
Algae,0.056302305
Algae,0.062690452
Algae,0.106185221
Algae,0.265318173
Algae,0.556587782
Algae,0.039285872
Algae,0.408977453
Algae,0.143546225
Algae,0.192751577
Algae,0.064761303
Algae,0.421950763
Algae,0.159311373
Algae,0.199171963
Algae,0.194280748
Algae,0.496408292
Algae,0.689001905
Algae,0.049740177
Algae,0.009018706
Algae,0.037782002
Algae,0.030632251
Algae,0.340141207
Algae,0.041944559
Algae,0.257741638
Algae,0.031572803
Algae,0.357831255
Algae,0.253453258
Algae,0.08967607
Algae,0.275522797
Algae,0.114919007
Algae,0.24288481
Algae,0.209944085
Algae,0.037052662
Algae,0.138522379
Algae,0.037124763
Algae,0.482972878
Algae,0.406482928
Algae,0.084142167
Algae,0.039700399
Algae,0.304389729
Algae,0.060269872
Algae,0.045340196
Algae,0.093717054
Algae,0.364382017
Algae,0.696602555
Algae,0.14993158
Algae,0.402423509
Algae,0.082368597
Algae,0.03719488
Algae,0.016929295
Algae,0.198945352
Algae,0.410427856
Algae,0.25680524
Algae,0.779146053
Algae,0.023535657
Algae,0.180210511
Algae,0.792087304
Algae,0.658939239
Algae,0.193157925
Algae,0.139454505
Algae,0.515857399
Algae,0.231750182
Algae,0.105685869
Algae,0.19663279
Algae,0.091096694
Algae,0.377389617
Algae,0.600600882
Algae,0.054721799
Algae,0.376520101
Algae,0.012529291
Algae,0.859820066
Algae,0.060726184
Algae,0.100576209
Algae,0.264881523
Algae,0.19503818
Algae,0.039141213
Algae,0.23257863
Algae,0.269817406
Algae,0.106012289
Algae,0.023730341
Algae,0.090888007
Algae,0.021724637
Algae,0.620219515
Algae,0.166634587
Algae,0.317858342
Algae,0.423984539
Algae,0.502490925
Algae,0.177335361
Algae,0.517460476
Algae,0.117217697
Algae,0.035166939
Algae,0.005234581
Algae,0.294132214
Algae,0.349501255
Algae,0.025229836
Algae,0.241289578
Algae,0.032933259
Algae,0.128589837
Algae,0.249525024
Algae,0.222855788
Algae,0.061292031
Algae,0.262165303
Algae,0.058409489
Algae,0.173820528
Algae,0.286554431
Algae,0.197885782
Algae,0.112812997
Algae,0.295337215
Algae,0.297616189
Algae,0.185430024
Algae,0.087162652
Algae,0.143244887
Algae,0.206617506
Algae,0.101820285
Algae,0.220263178
Algae,0.006761901
Algae,0.191467625
Algae,0.486487049
Algae,0.05819815
Algae,0.213521352
Algae,0.038309656
Algae,0.010634913
Algae,0.048333705
Algae,0.303601387
Algae,0.00882741
Algae,0.50182122
Algae,0.342197945
Algae,0.137010428
Algae,0.318139696
Algae,0.107324037
Algae,0.133870402
Algae,0.265542013
Algae,0.390850568
Algae,0.206305593
Algae,0.168213307
Algae,0.074943066
Algae,0.404144255
Algae,0.004963131
Algae,0.305561468
Algae,0.691096463
Algae,0.826145864
Algae,0.106076321
Algae,0.282456673
Algae,0.63867372
Algae,0.067549364
Algae,0.056416552
Algae,0.103522405
Algae,0.376577643
Algae,0.207385525
Algae,0.099191126
Algae,0.740553923
Algae,0.309042251
Algae,0.29993035
Algae,0.141897819
Algae,0.105768164
Algae,0.012384515
Algae,0.029639308
Algae,0.887601233
Algae,0.002911097
Algae,0.707484503
Algae,0.30571957
Algae,0.203277227
Algae,0.018557275
Algae,0.483322325
Algae,0.554655889
Algae,0.021897837
Algae,0.535542616
Algae,0.03657859
Algae,0.453388158
Algae,0.086893516
Algae,0.542511702
Algae,0.2208675
Algae,0.365843586
Algae,0.106118445
Algae,0.493589129
Algae,0.03872189
Algae,0.008733442
Algae,0.149456528
Algae,0.135120749
Algae,0.084226585
Algae,0.102391246
Algae,0.039947725
Algae,0.444337823
Algae,0.087872374
Algae,0.039810092
Algae,0.116725488
Algae,0.737783398
Algae,0.036378338
Algae,0.028691555
Algae,0.24559662
Algae,0.019775264
Algae,0.233366315
Algae,0.513534852
Algae,0.139187674
Algae,0.33840609
Algae,0.055317194
Algae,0.134818676
Algae,0.087089918
Algae,0.021887204
Algae,0.405971284
Algae,0.132242515
Algae,0.095031137
Algae,0.009327148
Algae,0.298910037
Algae,0.084554016
Algae,0.10294108
Algae,0.157835225
Algae,0.183707494
Algae,0.58077606
Algae,0.11897619
Algae,0.100945016
Algae,0.01282289
Algae,0.040548516
Algae,0.340195839
Algae,0.255542667
Algae,0.108563994
Algae,0.212209591
Algae,0.394969373
Algae,0.621443389
Algae,0.335483308
Algae,0.311265375
Algae,0.048348966
Algae,0.331880952
Algae,0.037332325
Algae,0.098132223
Algae,0.176724386
Algae,0.047223613
Algae,0.661316379
Algae,0.710401788
Algae,0.120482054
Algae,0.184526849
Algae,0.591362136
Algae,0.283425355
Algae,0.336107228
Algae,0.156033106
Algae,0.230836428
Algae,0.043537849
Algae,0.330234425
Algae,0.428335096
Algae,0.020439071
Algae,0.435621887
Algae,0.487897989
Algae,0.00234585
Algae,0.317886209
Algae,0.35608432
Algae,0.177616133
Algae,0.036957888
Algae,0.029993451
Algae,0.34563124
Algae,0.010357238
Algae,0.249172303
Algae,0.528004925
Algae,0.122210222
Algae,0.272395145
Algae,0.32520697
Algae,0.430617934
Algae,0.273764776
Algae,0.047358725
Algae,0.046291326
Algae,0.168463073
Algae,0.129248775
Algae,0.126464639
Algae,0.033604873
Algae,0.20848174
Algae,0.366739902
Algae,0.044676701
Algae,0.4200019
Algae,0.158289283
Algae,0.029146005
Algae,0.16642921
Algae,0.131810153
Algae,0.450511793
Algae,0.569967953
Algae,0.575095445
Algae,0.923129344
Algae,0.531836897
Algae,0.11392307
